pair_id,question,options,evidence_a,evidence_b,fact_equivalent,same_entities,same_attributes,same_relations,same_answer,naturalness_issue,ambiguity_issue,critical_error,reviewer_id
pair_000,,,,,,,,,,,,,
pair_001,,,,,,,,,,,,,
pair_002,,,,,,,,,,,,,
pair_003,,,,,,,,,,,,,
pair_004,,,,,,,,,,,,,
pair_005,,,,,,,,,,,,,
pair_006,,,,,,,,,,,,,
pair_007,,,,,,,,,,,,,
pair_008,,,,,,,,,,,,,
pair_009,,,,,,,,,,,,,
pair_010,,,,,,,,,,,,,
pair_011,,,,,,,,,,,,,
pair_012,,,,,,,,,,,,,
pair_013,,,,,,,,,,,,,
pair_014,,,,,,,,,,,,,
pair_015,,,,,,,,,,,,,
pair_016,,,,,,,,,,,,,
pair_017,,,,,,,,,,,,,
pair_018,,,,,,,,,,,,,
pair_019,,,,,,,,,,,,,
pair_020,,,,,,,,,,,,,
pair_021,,,,,,,,,,,,,
pair_022,,,,,,,,,,,,,
pair_023,,,,,,,,,,,,,
pair_024,,,,,,,,,,,,,
pair_025,,,,,,,,,,,,,
pair_026,,,,,,,,,,,,,
pair_027,,,,,,,,,,,,,
pair_028,,,,,,,,,,,,,
pair_029,,,,,,,,,,,,,
pair_030,,,,,,,,,,,,,
pair_031,,,,,,,,,,,,,
pair_032,,,,,,,,,,,,,
pair_033,,,,,,,,,,,,,
pair_034,,,,,,,,,,,,,
pair_035,,,,,,,,,,,,,
pair_036,,,,,,,,,,,,,
pair_037,,,,,,,,,,,,,
pair_038,,,,,,,,,,,,,
pair_039,,,,,,,,,,,,,
pair_040,,,,,,,,,,,,,
pair_041,,,,,,,,,,,,,
pair_042,,,,,,,,,,,,,
pair_043,,,,,,,,,,,,,
pair_044,,,,,,,,,,,,,
pair_045,,,,,,,,,,,,,
pair_046,,,,,,,,,,,,,
pair_047,,,,,,,,,,,,,
pair_048,,,,,,,,,,,,,
pair_049,,,,,,,,,,,,,
pair_050,,,,,,,,,,,,,
pair_051,,,,,,,,,,,,,
pair_052,,,,,,,,,,,,,
pair_053,,,,,,,,,,,,,
